State,Population,Case Density,ICU Capacity Ratio,Initiated Vaccinations Ratio,Completed Vaccinations Ratio,Total Number of Cases,Death Toll,Positive Tests,Negative Tests,Positive Case Ratio,Hospital Beds Capacity,Hospital Beds Current Usage,Hospital Beds COVID Usage,ICU Beds Capacity,ICU Beds Current Usage,ICU Beds COVID Usage,Last Update Date,Latitude,Longitude
AK,731545,107.4,0.86,0.59,0.523,132393,680,150805,2877650,0.049796018101639285,1603,1209,231,125,107,45,2021-10-25,61.3025006,-158.7750198
AL,4903185,17.4,0.85,0.54,0.444,817446,15407,773140,5202805,0.12937535402350592,15184,11057,699,1563,1323,178,2021-10-25,32.6010112,-86.6807365
AR,3017804,15.6,0.76,0.576,0.476,510245,8281,316675,3369946,0.0858984419608091,9320,6598,459,947,724,154,2021-10-25,34.7519275,-92.1313784
AZ,7278717,35.0,0.64,0.609,0.527,1148483,20867,1170030,9537152,0.10927525094838213,17298,12854,1686,2188,1405,411,2021-10-25,34.1682185,-111.930907
CA,39512223,14.0,0.77,0.739,0.608,4869133,71528,4838152,80836787,0.05647102941036235,64650,50328,3953,6980,5367,974,2021-10-25,37.2718745,-119.2704153
CO,5758736,38.9,0.85,0.672,0.612,725448,8220,722231,9971351,0.06753873491595239,11814,8520,1223,1305,1106,370,2021-10-25,38.9979339,-105.550567
CT,3565287,12.4,0.58,0.783,0.703,399402,8739,524830,10634054,0.04703248102588037,8456,7008,260,1024,596,59,2021-10-25,41.5187835,-72.757507
DC,705749,12.4,0.75,0.735,0.62,63588,1186,91564,2847782,0.031151147227988812,3466,2777,85,334,251,17,2021-10-25,38.8993487,-77.0145666
DE,973764,36.4,0.83,0.685,0.595,142354,2064,160173,2517494,0.05981811778686446,3362,2637,178,199,166,26,2021-10-25,39.145251,-75.4189206
FL,21477737,9.7,0.75,0.687,0.594,3631256,58803,4288517,37060029,0.10371627094215115,57354,43681,2339,6362,4778,578,2021-10-25,27.9757279,-83.8330166
GA,10617423,13.2,0.82,0.564,0.476,1589477,27513,1230298,10451641,0.10531624929731272,23066,18316,1789,2591,2119,481,2021-10-25,32.6781248,-83.2229757
HI,1415872,9.0,0.75,0.783,0.595,80722,885,89427,2374165,0.03629943594556242,2569,1938,83,208,157,16,2021-10-25,20.46,-157.505
IA,3155070,30.9,0.8,0.592,0.552,479153,6848,473095,3984317,0.10613669995055426,7485,5206,569,626,499,136,2021-10-25,41.9383166,-93.389798
ID,1787065,64.6,0.86,0.486,0.434,285310,3414,366279,1934751,0.15918045397061317,3908,2468,550,319,274,154,2021-10-25,45.4945756,-114.1424303
IN,6732219,24.1,0.74,0.534,0.496,1010827,16470,1080761,9719812,0.10006515395062836,19183,12691,1323,2285,1680,423,2021-10-25,39.7662195,-86.441277
KS,2913314,27.8,0.78,0.619,0.529,429760,6238,394078,3677309,0.09679207601733758,8355,5255,444,790,619,129,2021-10-25,38.4987789,-98.3200779
KY,4467673,32.6,0.87,0.625,0.545,739855,9666,725124,5746495,0.11204676913149554,11859,8828,1071,1406,1222,261,2021-10-25,37.8222935,-85.7682399
LA,4648794,11.5,0.72,0.535,0.473,755631,14462,700599,7802110,0.08239715130789493,12861,8975,284,1520,1100,94,2021-10-25,30.9733766,-91.4299097
MA,6892503,19.4,0.8,0.795,0.693,842652,18911,926700,28890756,0.031079110169559738,19214,16100,456,1311,1046,133,2021-10-25,42.0629398,-71.718067
MD,6045680,13.1,0.69,0.725,0.658,556314,10806,1134799,13462196,0.07774195990339107,9141,7736,709,1029,706,123,2021-10-25,38.8063524,-77.2684162
ME,1344212,34.5,0.76,0.758,0.701,100967,1122,82832,2744732,0.029294473971234605,3325,2436,218,333,254,77,2021-10-25,45.2185133,-69.0148656
MI,9986857,39.0,0.82,0.578,0.532,1244670,23286,1333864,16180783,0.07615705871776919,22929,18272,2147,2539,2070,582,2021-10-25,44.9435598,-86.4158049
MN,5639632,37.6,0.79,0.648,0.595,770370,8661,1122031,14945800,0.06983089379020728,10168,8252,1019,943,748,229,2021-10-25,46.4418595,-93.3655146
MO,6137428,15.8,0.81,0.564,0.494,865148,12672,913380,7604222,0.1072344070549434,17058,13762,1151,1805,1455,293,2021-10-25,38.3046615,-92.437099
MS,2976149,15.9,0.8,0.517,0.453,501097,9990,237029,1675151,0.12395747262287023,8751,5811,347,818,654,97,2021-10-25,32.5851062,-89.8772196
MT,1068778,79.0,0.85,0.563,0.5,170756,2247,192511,1403919,0.1205884379521808,3048,2263,468,246,209,119,2021-10-25,46.6797995,-110.044783
NC,10488084,22.7,0.84,0.63,0.523,1461094,17783,1441516,14849275,0.08848655660734951,23628,18919,1744,2283,1911,482,2021-10-25,35.2145629,-79.8912675
ND,762062,61.2,0.71,0.529,0.458,144783,1753,119864,1781488,0.06304145681599199,2253,1775,235,206,147,57,2021-10-25,47.4678819,-100.3022655
NE,1934408,30.3,0.8,0.606,0.559,279799,2754,295473,2093192,0.12369796518138793,4242,3052,373,474,379,129,2021-10-25,41.5008195,-99.680902
NH,1359711,39.3,0.86,0.74,0.626,131790,1543,109061,2535588,0.041238364713048876,2996,2381,222,211,182,42,2021-10-25,44.0012306,-71.5799231
NJ,8882190,13.2,0.47,0.744,0.66,1189496,27851,1187183,17347968,0.0640503549175294,24618,17002,869,2937,1388,198,2021-10-25,40.1430058,-74.7311156
NM,2096829,35.0,0.84,0.756,0.656,268891,4989,322244,3470976,0.08495262600112832,4227,2949,399,441,372,123,2021-10-25,34.1662325,-106.0260685
NV,3080156,21.6,0.83,0.628,0.525,445677,7523,559495,3817823,0.12781685040931456,8501,6703,637,806,673,163,2021-10-25,38.502032,-117.0230604
NY,19453561,19.9,0.71,0.736,0.661,2531418,55756,2799722,57497857,0.04643174811380072,47665,38831,2349,4839,3447,461,2021-10-25,40.7056258,-73.97968
OH,11689100,30.8,0.77,0.555,0.516,1521844,23955,1313716,15238943,0.07936585898374394,31122,23857,3133,3966,3051,786,2021-10-25,40.1903624,-82.6692525
OK,3956971,25.6,0.86,0.588,0.496,638957,10540,610978,2456470,0.19918120861380534,10223,7329,650,946,810,198,2021-10-25,35.3097654,-98.7165585
OR,4217737,29.7,0.76,0.68,0.625,357526,4284,318827,4904556,0.061038411313127906,7111,5743,646,825,626,134,2021-10-25,44.1419049,-120.5380993
PA,12801989,31.1,0.81,0.764,0.601,1538296,30972,1538600,17617781,0.08031788467769564,30229,25315,3171,3652,2946,674,2021-10-25,40.9945928,-77.6046984
RI,1059361,21.5,0.84,0.774,0.704,177998,2872,203703,4512379,0.04319326932822627,2477,2084,99,160,134,14,2021-10-25,41.5827282,-71.5064508
SC,5148714,19.7,0.73,0.57,0.495,891072,13472,930870,8312872,0.1007027240699708,11614,9111,789,1339,984,239,2021-10-25,33.62505,-80.9470381
SD,884659,37.3,0.62,0.611,0.522,152308,2218,100453,725281,0.12165297783547728,2838,1758,187,250,156,55,2021-10-25,44.2126995,-100.2471641
TN,6829174,19.9,0.69,0.542,0.473,1243433,16025,1048593,7723322,0.1195398040222688,19936,14032,1330,2400,1647,375,2021-10-25,35.830521,-85.9785989
TX,28995881,15.4,0.87,0.61,0.53,4163327,70593,4407199,32187779,0.12043179804616906,68099,52068,5182,7178,6244,1592,2021-10-25,31.1693363,-100.0768425
UT,3205958,43.4,0.68,0.607,0.53,539002,3128,620999,4710522,0.116476892804136,5571,3373,538,616,420,187,2021-10-25,39.4997605,-111.547028
VA,8535519,19.8,0.7,0.705,0.626,914755,13668,1176305,9603154,0.10912467870604638,18179,13244,1292,1983,1386,269,2021-10-25,38.0033855,-79.4587861
VT,623989,34.9,0.72,0.791,0.709,38843,351,53510,2291287,0.022820738852872977,1216,928,42,103,74,13,2021-10-25,43.8717545,-72.4477828
WA,7614893,29.4,0.71,0.689,0.63,713073,8501,384858,7161746,0.05099750828319599,12707,10275,1262,1361,966,258,2021-10-25,47.751076,-120.740135
WI,5822434,43.1,0.65,0.623,0.58,867097,9259,928655,11160139,0.07681949084416527,13231,9244,1087,1567,1023,326,2021-10-25,44.7862968,-89.8267049
WV,1792147,48.4,0.79,0.488,0.41,266521,4263,298680,3435422,0.07998710265547111,6013,4704,775,667,529,208,2021-10-25,38.9201705,-80.1816905
WY,578759,75.0,0.72,0.503,0.435,100174,1149,78269,988258,0.07338679658367768,1744,940,246,137,99,68,2021-10-25,43.000325,-107.5545669
